longitude,latitude
144.82650412941496,-27.75892493854844
138.4683683978112,-23.68821435987643
135.2814613097314,-23.81675759030002
132.1440984157234,-24.58802815982598
129.9440669780852,-26.216331688138226
128.21553069289112,-29.00145734654552
126.5649027918595,-32.08566651654103
126.71165430458834,-32.68541510209862
129.58557213865177,-32.042829855188046
132.3032692961432,-32.08566651654103
133.79140620663333,-32.94247538533245
135.29523661270906,-34.270976783247846
136.70509638152774,-35.80201169166472
138.46125759245382,-37.00403361119474
140.49511559566386,-36.8322345149061
142.02688347166657,-35.5445919144561
144.10429242904033,-34.04379497789318
145.33091207825544,-31.68729499279073
145.5593286262827,-28.817229519442787
144.82650412941496,-27.75892493854844
77.51145677535867,7.802638094904608
79.88753447195533,10.404488388958898
80.57131549593419,15.741623307831636
85.99085663634308,18.94391994796179
88.04858625009308,20.678448427133652
89.28975471485866,26.215829838797436
88.20653471351015,27.750355226863288
83.91656491941592,28.41749844786472
76.5672042895326,32.8196988411424
72.18531449805803,33.08654295631705
69.96561663243924,31.952571468367253
70.63018994124576,27.48348872715894
71.8046484530283,22.61312164423979
72.98484676673162,17.60963465880569
74.25019624297121,13.873623411499292
77.51145677535867,7.802638094904608
91.82936201314571,30.465296652751793
94.13498074779285,27.663624112434746
97.89805376078833,26.529412769523166
102.79921118089274,26.062374053885286
107.89115603656356,25.86221434849149
111.3945455631583,27.663624112434746
116.64660606541453,28.530908898942553
120.39213724215435,28.931170392823923
122.42645019256716,29.464822962510713
122.69233124859589,31.13223079948662
117.18164226124286,31.0655378951334
114.40713677689696,31.0655378951334
109.39909588088192,31.79917002162805
105.10176593885132,32.866395112182225
99.18127971058512,34.60138157894521
95.04109193722415,34.801661087127805
91.87362687416005,33.066528926435836
91.00650193373754,30.798765889852053
91.82936201314571,30.465296652751793
93.28675632402167,40.07889084070288
95.86311388041084,37.33104194831065
101.48686379733473,35.32585891652782
109.58707697790499,34.05739381592669
114.22641031491467,33.52354863889725
120.88793078153705,36.127515894649264
123.58558371476883,37.264141383937705
126.19534064954846,37.33104194831065
128.48985361823603,38.46915051823603
130.9656739418438,42.366953295204986
131.25742014650697,43.041884766237764
112.89913584601116,42.56933144547605
98.00341199912476,42.02984371923444
93.604020473457,41.28899604398345
93.28675632402167,40.07889084070288
93.14489747384505,40.213220477088086
91.18801581893472,39.5418846223361
80.4928552541405,39.139412916409576
78.35222088738395,39.608987462518044
74.07858096577857,41.49094008906437
71.23156445503062,42.16465978262692
70.08543623641098,46.500848320827224
71.12310692040872,47.86643914801225
75.47932712815691,47.524480338229196
80.01435747613485,46.43272022670764
83.4764643791376,45.4123862734785
86.90608811017215,44.25931124106619
89.70912461250185,43.31213324512695
92.21505452288795,42.232081642217885
93.39565238210162,41.4236167954054
93.14489747384505,40.213220477088086
78.92505802320551,72.19100885043055
83.81246872762583,65.55702829563876
83.51627990298199,58.39566030768808
85.45558492378031,55.36819547654399
99.20653067169269,51.38974040871001
103.93736360838795,51.72300806294746
116.18730009982369,55.36819547654399
127.42823245309765,55.87847730849633
130.74585419812254,54.46459144899262
135.08590025373783,54.46459144899262
139.63540501558583,56.8464644787537
146.6121033095014,63.08474970399646
147.8177014829497,65.43516482781328
136.60850096083414,68.40145277607542
135.10560728320982,72.78535302370906
129.7766586674435,75.81859473042996
119.05353166801696,77.5793498452458
110.21003203651901,79.05304650933026
96.0005321232514,78.23362157392815
86.03259616290116,76.6548858983459
79.20372744561708,73.44111626383089
78.92505802320551,72.19100885043055
21.699894333855937,64.69526161233266
24.80258085978513,60.05559737177095
27.52504201864455,58.620078465026964
30.97981800437554,58.96333770287788
32.270978681246184,59.594705613653005
31.439723042983225,62.97205157932747
27.54930432617885,67.42375150539996
24.33448897833928,68.8485221729215
21.366862548557556,68.91099220634669
20.220026535765108,66.56705849795769
21.699894333855937,64.69526161233266
27.13353139032333,68.91099220634669
31.701466884186672,62.795195223462095
33.991537860281625,60.92385380882541
40.64356729149452,61.973153397471435
42.388518865017225,64.15775629799813
40.92582389215926,67.055669160254
34.28878389229782,71.51417894505134
29.65567689240611,72.22737701970244
25.845575908325458,70.93543654041518
27.13353139032333,68.91099220634669
42.605739048771525,57.3679458568338
46.168089643469834,55.73198062007436
47.07962660003473,54.27813670779056
46.95960851512095,52.55900088937818
47.06584268525049,51.073100189038136
48.402017782905595,50.30643682763296
50.205703627219215,50.08783880431879
52.78426461868031,51.18282847341512
54.38688242957425,54.05547011078207
54.00666215665764,55.956699042791314
52.22169978186777,60.460109832924424
50.09163348740368,63.979142872963855
46.3184822939556,64.15775629799813
42.952796635622256,61.62245962219268
41.78621000734662,58.56294408435861
42.605739048771525,57.3679458568338
39.28440632876592,57.878977295525864
41.19688222252038,57.311264811099235
46.57884140758259,53.88863896535005
45.16666942134639,49.81486464782927
39.88146821966124,46.128961423233285
37.680617552658866,45.4829433938899
31.21139357888705,45.751977643752056
26.96158238746425,48.128752226171585
24.203060893570918,49.48768409094017
24.294423630410833,50.36111693093361
31.7379876840077,55.39543926922443
35.94348832568517,56.91504768730831
39.28440632876592,57.878977295525864
-53.135674076339455,-31.50710549234558
-56.36591136928502,-30.214913766517434
-59.55386234461419,-31.84716152133323
-61.77945923132046,-35.99878234186343
-60.16037814863532,-37.97661446793121
-59.3898331798577,-38.65965660227424
-56.607246233807544,-37.08950466176536
-53.68147204229288,-33.61580937457592
-53.135674076339455,-31.50710549234558
126.70986790099518,-32.122077902302664
130.30521076533608,-26.42415744872319
131.9219293343556,-24.838695756687315
131.79484947337036,-23.76748262813195
127.85717617246095,-20.725376630397356
123.71477879511275,-18.840147994024203
122.26726349823696,-18.454524976011925
118.67207408710101,-20.168376707832188
115.53022903572831,-21.7108364798523
114.19313951590232,-25.052941060154872
113.42622335427679,-26.724110927814646
115.10367385438444,-29.809009663435646
115.99942290752955,-32.421945149412274
117.38192157204988,-33.62164022414444
119.90954836844028,-33.96450124066812
123.00103316325206,-33.66449523654572
125.0680016597036,-32.9360486596604
126.70986790099518,-32.122077902302664
-49.8416849869176,-26.721725612204374
-51.241175803607945,-27.09592208901395
-51.34354134824071,-28.52459981432411
-50.001552647388664,-28.626641823403
-49.8416849869176,-26.721725612204374
-67.6401969231776,-7.66955626704232
-63.04459931969345,-11.683373821713086
-59.843143430143364,-13.31611409365616
-56.17391652056554,-13.758315249463635
-52.174811272063245,-13.62225331469732
-49.03254969852222,-11.411250661443031
-49.045697120678106,-2.057013970932301
-50.20416062300267,2.7051431141298172
-54.005050368297084,6.645828156656937
-58.48584988712551,7.632274902997566
-60.95898420394249,9.979336182508106
-63.191676965302136,10.931769208336034
-67.82903353702038,10.149415103617045
-69.12064731561695,7.122043855463186
-70.99071681865543,2.8361024491888593
-70.8945043324448,-0.837561597500167
-70.33959007012605,-3.5928098250214076
-69.05752911922326,-6.348057751902897
-67.6401969231776,-7.66955626704232
-106.09417570653038,57.907071225338676
-111.27533513135653,57.79720817560957
-113.79509797961835,58.42078715420106
-115.04465135586781,59.15766838797018
-113.17578237785911,61.05374689825806
-110.33553893077732,63.16696031320351
-107.4709506622235,64.3525164317663
-106.16196190945246,65.35635837211738
-106.93572273118623,67.4325894968638
-106.93523228417331,68.58791405850259
-103.20411193584556,68.86904593168124
-100.08912512202188,69.96226893945376
-96.97979245684346,71.07047407292191
-92.41529932380783,72.18817010399881
-87.44578073789475,72.27206787718339
-86.04729660488974,73.58425784174584
-85.46396601832689,74.65911669009229
-85.447508256481,76.10305790836262
-84.79303535258141,81.09449248070015
-80.81632353069905,82.07209902123468
-77.28609594806254,82.63975641082101
-72.85279194510441,83.28822157467206
-67.53265675825524,83.5310657784096
-46.696295052719776,83.34855910805202
-26.495465217193807,83.34855910805202
-22.132417634598475,82.41036645245647
-20.690110082247887,81.79520187951815
-20.25433648635669,79.76356199514126
-21.62786151439262,76.22278640523749
-24.664153633456948,73.57145130244609
-30.067561010066704,70.27060271180649
-35.11157575472504,67.69225875270955
-37.875248184966345,66.54789666841256
-41.25150384887773,66.74423970274493
-46.7618046840055,67.89097011015994
-52.052567298532104,67.97057544577974
-65.76616968916397,68.32966956988093
-68.3198870268057,67.57323663681814
-74.93277037397861,67.05920582643027
-81.84515826637357,66.62638732923395
-87.46395792413968,64.02845892750052
-90.77629909943514,64.12432476913558
-94.88570142060249,64.65301484503512
-96.55233305547121,64.74940398771918
-98.05297452633306,63.550299938113035
-99.58798814501982,61.89138430965229
-100.62625250737811,61.14014839618176
-101.97183416796386,59.835409726299034
-103.43685959845081,58.77247598073325
-104.77453225979133,57.90001938424218
-106.09417570653038,57.907071225338676
-103.47642011550184,53.165266725338796
-101.12286155284913,54.5522945078869
-97.20664331988283,56.857112814343374
-94.05346643912212,59.05594836771329
-92.67945475778599,61.00677816674107
-90.70164617986623,62.70148806004421
-88.44761033753565,63.50974517879843
-90.38657329280005,64.70842856420975
-93.73971743083135,65.19145797844318
-96.73537876166058,65.2398753331651
-99.45172962574748,64.51580167422247
-100.99261683878264,62.22849689315552
-103.33874243143515,60.21392229476717
-105.73861359910806,58.549299212833496
-107.10110057234597,57.31270076410774
-107.97727575048272,56.13075073721427
-107.14597936868914,54.95687461740983
-105.50887218005724,53.79044619514085
-104.35731977240688,53.432960869647104
-103.47642011550184,53.165266725338796
122.49988887319006,-18.375257888527585
125.4515761325491,-19.403583862908338
128.41855088876412,-20.817495690810194
130.30784287543182,-21.074572048900233
132.30243250165313,-21.417340578199568
136.01233862116416,-21.074572048900233
140.9778108286277,-20.26049608171691
142.72377094588245,-19.746357059498166
142.82052237403602,-17.353351890583724
141.92756656602364,-14.225502207480465
141.28464222366492,-10.197881399216627
140.74932261917482,-8.698235742646425
141.8541401811322,-6.427344994455924
142.60980688797832,-5.613251850281794
139.74542001482047,-4.3706890634536855
137.00994668678996,-4.413536083807709
134.44175298441203,-6.855815054070607
131.98714623063302,-9.169552413072319
129.19167032653684,-11.311903092447027
126.0508761572057,-13.025783485311571
123.39599762663853,-15.725150987882374
122.17229912928121,-16.924878425210498
122.49988887319006,-18.375257888527585
18.941945281450568,-30.880532336998307
21.893355001203243,-32.45988969556102
25.785542074217464,-31.350051080036327
31.58205456925325,-28.831507587513162
32.55323142963541,-26.013402300460356
32.11749796573466,-19.736879730897694
33.601213279792496,-14.228944502262083
28.76700151504955,-13.71657867775707
25.486563929472982,-14.44243044772217
22.17717152512007,-16.918872240081775
16.830838634933542,-21.999761081661017
16.078752363228574,-23.109873387770243
16.570706031598903,-25.372893239238124
17.67696291759258,-27.806797558330757
18.086192467360423,-29.98416335241734
18.941945281450568,-30.880532336998307
13.31560386384076,-20.097647429817172
15.106912968260591,-19.286429515425716
24.393450812984934,-13.39421546499234
31.178096088266486,-8.313268367202083
33.206234007780296,-6.306508239042381
33.66209422057163,-4.5132333409411265
34.32144884130643,-2.2502902764807655
34.43264126131201,-0.6705001428949884
33.62576098781939,1.1654720994758794
32.48745043814885,4.489436381512409
31.661265073258058,6.026529090264991
30.07326484061109,7.862501287312456
26.8893580620918,8.97262346916813
22.404171853870444,10.168141007335276
19.134885802868443,8.97262346916813
15.703054964166904,6.923166755599113
12.52327632965627,4.233254110268803
9.356620303106304,1.3725526949897406
8.749032111535247,-0.6769046972434832
9.84608949820327,-2.9398473837924612
12.700811685735918,-6.654489049088118
12.988862324116443,-7.209550426802609
13.138559659087651,-10.155645484126229
16.4673104808405,-9.899461542575319
17.780564356510748,-10.75340371708443
17.892922305972316,-12.50398153516382
15.896228960628203,-14.596140402357904
12.876865562948277,-14.724232080801173
12.028378984080833,-15.279290923813718
11.466639175037534,-15.913347743220157
11.504958059084377,-18.048216122438614
13.31560386384076,-20.097647429817172
-7.313932862003882,3.6525743364445087
-4.280600310061089,4.976182730644118
-1.4047869315920307,4.677303388044636
1.1062992765170543,5.317758353961877
6.164155413914261,12.704344087119368
6.8212840103943275,13.38749731548238
6.478802292875401,16.205511645477824
2.6434350747394766,18.938136486940383
2.8285924603113215,23.122368923299785
5.272903654996896,26.794509663205712
5.3785821748425455,28.325255453878906
3.144292999178218,31.307053903656172
2.2173526274014903,31.81926608765348
-1.8513775198347688,31.733895840995135
-5.0056897919462155,30.325324278980812
-10.037599113261493,27.977275313312518
-13.778245259726924,24.689385886012477
-16.995006990888264,21.444397002241327
-16.963196757569104,15.893820307138627
-17.79238335363243,14.698300156093481
-17.269372016001878,13.161202726971144
-16.055653849978505,11.28893761670499
-14.2850673824382,9.58105551889478
-12.351209672994402,6.63496180121279
-10.113639987633428,5.140565677993291
-7.881425759206944,3.9023520266316436
-7.313932862003882,3.6525743364445087
20.274129201326314,32.96548055899424
23.427667346591733,33.00817601446693
25.080313614976347,31.51407065774709
28.096039957541127,31.172600674559558
30.146644124747493,30.959183352849454
31.455592081994805,31.34333503548976
32.46728854835222,30.532345232963763
32.38082816912049,28.397838924497766
31.770719006397254,25.57967683092501
30.602260907134767,22.932367347178175
28.459459867069857,21.52338483606075
24.583566931486,18.70543800203548
22.99459422035411,17.979587006864953
20.17280513788966,18.278467248060306
19.014656432973283,19.30319465087573
19.113657959703723,22.29191757002114
21.96810207642119,25.15267360243782
22.5463879348029,25.87858137149525
22.584526793414906,27.287693428732332
20.425180869639455,30.318921500549635
19.42586340625376,31.172600674559558
20.274129201326314,32.96548055899424
46.61369111550974,17.174742951363065
49.507055119608246,16.961256049230215
53.48378987481882,17.473624359337606
54.79246048389105,16.961256049230215
57.66594918723616,20.035424200429468
59.14511427692691,22.767984555974
59.10359573521855,26.6535984701217
58.22971123549987,29.727720158685948
57.14465394148103,31.136319713990755
51.26126157160296,34.89388464502632
49.49532159023785,35.492251484310756
42.92538775028369,35.53499966054869
40.17488578495878,33.39886585562568
39.78918895251513,31.00826934289396
42.6461039735308,27.63569055508207
44.08986541352725,25.97038794536383
44.60551637785286,24.902882489939635
44.77741147866173,23.152256883352297
44.6992113365299,21.700573883449078
44.897727206032435,18.92532740747896
45.35186185894689,17.857899904217035
46.61369111550974,17.174742951363065
